id;documento
1;A nova atualização do sistema operacional para PCs gamers trouxe melhorias significativas no desempenho de placas RTX em jogos competitivos online. Usuários relataram maior estabilidade durante transmissões ao vivo e redução no consumo de memória RAM. Especialistas afirmam que as otimizações beneficiam principalmente jogadores que utilizam monitores com altas taxas de atualização e múltiplos aplicativos abertos simultaneamente.
2;Pesquisadores desenvolveram um processador quântico experimental capaz de executar cálculos complexos em poucos segundos. O projeto foi apresentado durante uma conferência internacional de tecnologia e chamou atenção pela eficiência energética. Empresas do setor acreditam que a computação quântica poderá revolucionar áreas como inteligência artificial, segurança digital e análise de grandes volumes de dados.
3;O lançamento do novo RPG espacial chamou atenção pela liberdade de exploração e gráficos hiper-realistas. Jogadores elogiaram o sistema de construção de naves e as missões dinâmicas espalhadas por diferentes planetas. A desenvolvedora informou que futuras expansões irão adicionar novos personagens, armas raras e regiões inéditas para exploração cooperativa online.
4;Comunidades de modders criaram expansões não oficiais que adicionam mapas inéditos ao jogo sandbox mais popular do mundo. Os conteúdos incluem sistemas climáticos avançados, criaturas futuristas e cidades inspiradas em filmes de ficção científica. Muitos jogadores consideraram os mods mais interessantes do que as atualizações oficiais disponibilizadas recentemente pelos desenvolvedores.
5;Especialistas em cibersegurança alertaram sobre ataques de phishing direcionados a usuários de plataformas de streaming. Os criminosos utilizam mensagens falsas oferecendo assinaturas gratuitas e recompensas exclusivas em jogos online. Analistas recomendam ativar autenticação em dois fatores, evitar links desconhecidos e utilizar senhas diferentes em cada serviço digital acessado diariamente.
6;O campeonato mundial de eSports reuniu equipes da Coreia do Sul, Brasil e Estados Unidos em partidas extremamente disputadas. Milhões de espectadores acompanharam as transmissões ao vivo por plataformas digitais e redes sociais. Além das competições profissionais, o evento apresentou lançamentos de periféricos gamers, concursos de cosplay e apresentações de influenciadores famosos do cenário competitivo.
7;A inteligência artificial utilizada em NPCs modernos permite diálogos mais naturais e comportamentos imprevisíveis durante as partidas. Desenvolvedores afirmam que os personagens conseguem reagir às escolhas dos jogadores em tempo real. Especialistas acreditam que essa tecnologia pode transformar profundamente a narrativa interativa em jogos eletrônicos produzidos nos próximos anos.
8;A nova placa de vídeo topo de linha apresentou desempenho superior em renderização 3D e edição de vídeos em alta resolução. Criadores de conteúdo destacaram melhorias na velocidade de processamento durante transmissões ao vivo e projetos gráficos complexos. Apesar do preço elevado, muitos consumidores demonstraram interesse devido ao suporte para inteligência artificial e ray tracing avançado.
9;Colecionadores aguardam o lançamento da edição limitada de action figures inspiradas em clássicos da ficção científica. As peças foram produzidas com acabamento premium, iluminação LED e acessórios articulados para exposição em estantes temáticas. O fabricante confirmou que os produtos serão vendidos em quantidade reduzida durante uma feira internacional dedicada à cultura geek e aos quadrinhos.
10;O serviço de jogos em nuvem ganhou novos assinantes após reduzir o preço mensal e melhorar a estabilidade dos servidores. Usuários elogiaram a possibilidade de jogar títulos recentes sem necessidade de computadores potentes ou consoles modernos. Analistas afirmam que o crescimento do streaming de games poderá alterar significativamente a indústria de hardware nos próximos anos.
11;Desenvolvedores independentes lançaram um jogo pixel art inspirado em aventuras retrô dos anos noventa. O projeto recebeu apoio financeiro coletivo e conquistou jogadores pela trilha sonora nostálgica e pelos desafios estratégicos. Críticos especializados elogiaram a criatividade do estúdio e destacaram o potencial do mercado indie dentro da indústria atual de jogos digitais.
12;O notebook gamer analisado apresentou excelente sistema de refrigeração mesmo executando jogos pesados por várias horas consecutivas. Testes realizados por especialistas demonstraram estabilidade térmica, baixo nível de ruído e ótimo desempenho gráfico. Consumidores interessados em mobilidade destacaram a duração da bateria e a qualidade da tela durante atividades profissionais e sessões competitivas online.
13;Usuários criticaram a presença excessiva de microtransações em títulos multiplayer lançados recentemente. Muitos jogadores afirmaram que conteúdos importantes ficaram restritos a compras adicionais realizadas dentro do jogo. Especialistas discutem o impacto desse modelo econômico na experiência dos consumidores e na reputação das empresas responsáveis pelos principais lançamentos do mercado eletrônico.
14;Uma startup brasileira criou sensores inteligentes capazes de automatizar casas utilizando comandos de voz e aplicativos móveis. A tecnologia permite controlar iluminação, temperatura e sistemas de segurança em tempo real. Investidores acreditam que o crescimento da automação residencial deverá aumentar significativamente nos próximos anos devido à popularização da internet das coisas.
15;O novo filme baseado em quadrinhos arrecadou milhões nas bilheterias durante o primeiro fim de semana de estreia. Críticos elogiaram os efeitos visuais, as cenas de ação e a fidelidade aos personagens clássicos das histórias originais. Fãs discutiram teorias sobre futuras continuações e possíveis conexões com outros universos cinematográficos compartilhados pelas produtoras.
16;Fãs de anime organizaram um grande evento cosplay com competições temáticas, apresentações musicais e concursos de fantasias criativas. O encontro reuniu milhares de visitantes interessados em cultura japonesa, videogames e séries animadas populares. Lojas especializadas aproveitaram o evento para vender colecionáveis raros, mangás importados e acessórios personalizados inspirados em personagens famosos.
17;A atualização do aplicativo de mensagens adicionou criptografia avançada e integração com assistentes virtuais baseados em inteligência artificial. Usuários também receberam novas opções de personalização para conversas em grupo e chamadas de vídeo. Especialistas em tecnologia destacaram melhorias importantes relacionadas à privacidade digital e à segurança no compartilhamento de arquivos multimídia.
18;O mercado de placas usadas cresceu após o aumento dos preços de componentes importados para computadores gamers. Consumidores passaram a procurar alternativas mais acessíveis para montar máquinas voltadas a jogos competitivos e edição gráfica. Técnicos recomendam atenção ao histórico de uso das peças, principalmente modelos utilizados anteriormente em mineração de criptomoedas.
19;O novo headset sem fio apresentou baixa latência e áudio imersivo para partidas competitivas online. Avaliações técnicas destacaram conforto prolongado, cancelamento de ruído eficiente e integração rápida com diferentes plataformas digitais. Jogadores profissionais consideraram o periférico uma alternativa interessante para campeonatos de eSports e transmissões realizadas em ambientes movimentados.
20;A empresa anunciou um smartphone dobrável voltado para produtividade e consumo de conteúdo multimídia. O aparelho possui tela flexível de alta resolução, câmera avançada e suporte para aplicativos de edição profissional. Analistas acreditam que dispositivos dobráveis poderão se tornar mais populares conforme os preços diminuírem e a tecnologia apresentar maior durabilidade.
21;Jogadores relataram problemas de conexão durante o lançamento antecipado do aguardado jogo de sobrevivência espacial. Servidores ficaram sobrecarregados devido ao grande número de acessos simultâneos realizados nas primeiras horas após a estreia. A desenvolvedora pediu desculpas aos consumidores e informou que atualizações emergenciais seriam implementadas rapidamente para corrigir falhas críticas.
22;A comunidade open source desenvolveu ferramentas gratuitas para criação de modelos 3D e animações digitais. Os programas ganharam popularidade entre estudantes, artistas independentes e pequenos estúdios de desenvolvimento de jogos eletrônicos. Especialistas destacam que softwares livres contribuem para democratizar o acesso a recursos tecnológicos avançados dentro do mercado criativo contemporâneo.
23;O robô doméstico apresentado na feira tecnológica consegue reconhecer objetos, responder comandos simples e auxiliar em tarefas cotidianas. O equipamento utiliza inteligência artificial para aprender padrões de comportamento dos usuários ao longo do tempo. Empresas do setor acreditam que robôs pessoais poderão se tornar comuns em residências inteligentes durante a próxima década.
24;A série de ficção científica conquistou o público com narrativa complexa e efeitos especiais impressionantes. Críticos destacaram a construção detalhada do universo futurista e os conflitos políticos apresentados ao longo dos episódios. Plataformas de streaming registraram aumento significativo de audiência após o lançamento da nova temporada produzida por um estúdio internacional renomado.
25;Criadores de conteúdo realizaram transmissões ao vivo testando novos periféricos mecânicos para computadores voltados ao público gamer. Durante os vídeos, influenciadores compararam velocidade de resposta, conforto ergonômico e personalização de iluminação RGB. Fabricantes aproveitaram a repercussão para anunciar promoções especiais e divulgar futuras linhas de produtos tecnológicos direcionados ao mercado competitivo.
26;O jogo cooperativo de exploração submarina recebeu atualização com novos inimigos, missões especiais e equipamentos raros. Jogadores elogiaram a ambientação detalhada e os desafios estratégicos envolvendo sobrevivência em regiões profundas do oceano virtual. A desenvolvedora confirmou que conteúdos adicionais gratuitos serão disponibilizados para manter a comunidade ativa nos próximos meses.
27;Pesquisadores estudam o impacto da realidade virtual na aprendizagem de estudantes da área de engenharia e tecnologia. Experimentos indicam que ambientes imersivos podem facilitar a compreensão de conceitos complexos relacionados à física e programação. Universidades começaram a investir em laboratórios modernos para integrar experiências digitais ao ensino tradicional em sala de aula.
28;A fabricante revelou um monitor ultrawide com alta taxa de atualização para jogadores profissionais e criadores de conteúdo. O equipamento possui resolução avançada, suporte para múltiplas conexões e tecnologia de sincronização adaptativa. Especialistas afirmam que monitores amplos podem melhorar produtividade, experiência audiovisual e desempenho competitivo em partidas online intensas.
29;Usuários elogiaram o design minimalista do teclado mecânico customizado apresentado em uma feira geek internacional. O acessório chamou atenção pelas teclas intercambiáveis, iluminação configurável e materiais premium utilizados na construção. Colecionadores demonstraram interesse em versões limitadas inspiradas em jogos clássicos, animes populares e personagens famosos da cultura pop contemporânea.
30;O crescimento das plataformas de streaming impulsionou a produção de séries baseadas em universos de fantasia e tecnologia. Empresas do setor passaram a investir em adaptações de jogos eletrônicos, quadrinhos e romances de ficção científica. Especialistas acreditam que conteúdos voltados ao público geek continuarão ganhando espaço devido ao aumento da audiência global.
